{
  "name": "postgres-cdc",
  "config": {
    "connector.class": "io.debezium.connector.postgresql.PostgresConnector",
    "database.hostname": "NODE1_IP",
    "database.port": "5432",
    "database.user": "repuser",
    "database.password": "reppass",
    "database.dbname": "mydb",
    "database.server.name": "pgserver",
    "plugin.name": "pgoutput",
    "slot.name": "debezium_slot",
    "publication.autocreate.mode": "filtered",
    "table.include.list": "public.customers",
    "topic.prefix": "pgcdc"
  }
}